[
  {
    "id": "60dd2dab8bd3549e372416ce",
    "title": "The Divergent Series: Insurgent",
    "year": "2015",
    "director": "Robert Schwentke",
    "genre": "Action, Adventure, Sci-Fi, Thriller",
    "runtime": "119",
    "language": "English",
    "poster": "https://m.media-amazon.com/images/M/MV5BMTgxOTYxMTg3OF5BMl5BanBnXkFtZTgwMDgyMzA2NDE@._V1_SX300.jpg",
    "description": "",
    "price": 0.03,
    "available": false,
    "rentals": 0
  },
  {
    "id": "60bdaec612f275fc7451c57e",
    "title": "Star Trek: First Contact",
    "year": "1996",
    "director": "Jonathan Frakes",
    "genre": "Action, Adventure, Drama, Sci-Fi, Thriller",
    "runtime": "111",
    "language": "English",
    "poster": "https://m.media-amazon.com/images/M/MV5BYTllZjRkY2QtYTJlMy00ZTMxLWE0YWQtMWMwYzY2YTM3YzRjXkEyXkFqcGdeQXVyNTAyODkwOQ@@._V1_SX300.jpg",
    "description": "",
    "price": 0.01,
    "available": false,
    "rentals": 1,
    "revenue": 0.02
  },
  {
    "id": "60bd923db1b0d030af499dfc",
    "title": "Star Wars: Episode III - Revenge of the Sith",
    "year": "2005",
    "director": "George Lucas",
    "genre": "Action, Adventure, Fantasy, Sci-Fi",
    "runtime": 140,
    "language": "English",
    "poster": "https://m.media-amazon.com/images/M/MV5BNTc4MTc3NTQ5OF5BMl5BanBnXkFtZTcwOTg0NjI4NA@@._V1_SX300.jpg",
    "description": "",
    "price": 0.02,
    "available": true,
    "rentals": 1,
    "revenue": 0.02
  },
  {
    "id": "60bdae5812f275fc7451c57d",
    "title": "Harry Potter and the Deathly Hallows: Part 1",
    "year": "2010",
    "director": "David Yates",
    "genre": "Adventure, Family, Fantasy, Mystery",
    "runtime": 146,
    "language": "English",
    "poster": "https://m.media-amazon.com/images/M/MV5BMTQ2OTE1Mjk0N15BMl5BanBnXkFtZTcwODE3MDAwNA@@._V1_SX300.jpg",
    "description": "",
    "price": 0.02,
    "available": true,
    "rentals": 0
  },
  {
    "id": "60bdb19612f275fc7451c57f",
    "title": "Indiana Jones and the Temple of Doom",
    "year": "1984",
    "director": "Steven Spielberg",
    "genre": "Action, Adventure",
    "runtime": 118,
    "language": "English, Sinhalese, Hindi",
    "poster": "https://m.media-amazon.com/images/M/MV5BMGI1NTk2ZWMtMmI0YS00Yzg0LTljMzgtZTg4YjkyY2E5Zjc0XkEyXkFqcGdeQXVyNzkwMjQ5NzM@._V1_SX300.jpg",
    "description": "",
    "price": 0.02,
    "available": true,
    "rentals": 1,
    "revenue": 0.02
  },
  {
    "id": "628a377aa9f33000bec9ec4c",
    "title": "Happy",
    "year": "2012",
    "director": "Roko Belic",
    "genre": "Documentary",
    "runtime": 76,
    "language": "Portuguese, Mandarin, Japanese, French, Nama, Danish, English",
    "poster": "https://m.media-amazon.com/images/M/MV5BMjI1NTg1MzcwM15BMl5BanBnXkFtZTcwMjA2OTU4NQ@@._V1_SX300.jpg",
    "description": "",
    "price": 0.02,
    "available": true,
    "rentals": 1,
    "revenue": 0.02
  },
  {
    "id": "60d9c2088bd3549e372416c6",
    "title": "The Maze Runner",
    "year": "2014",
    "director": "Wes Ball",
    "genre": "Action, Mystery, Sci-Fi, Thriller",
    "runtime": 113,
    "language": "English",
    "poster": "https://m.media-amazon.com/images/M/MV5BMjUyNTA3MTAyM15BMl5BanBnXkFtZTgwOTEyMTkyMjE@._V1_SX300.jpg",
    "description": "",
    "price": 0.02,
    "available": true,
    "rentals": 0
  },
  {
    "id": "60bd9337b1b0d030af499e00",
    "title": "Rogue One: A Star Wars Story",
    "year": "2016",
    "director": "Gareth Edwards",
    "genre": "Action, Adventure, Sci-Fi",
    "runtime": 133,
    "language": "English",
    "poster": "https://m.media-amazon.com/images/M/MV5BMjEwMzMxODIzOV5BMl5BanBnXkFtZTgwNzg3OTAzMDI@._V1_SX300.jpg",
    "description": "",
    "price": 0.02,
    "available": true,
    "rentals": 0
  },
  {
    "id": "60f446e181d4502964d8873f",
    "title": "Music",
    "year": "2021",
    "director": "Sia",
    "genre": "Drama, Musical",
    "runtime": 107,
    "language": "English, Mandarin",
    "poster": "https://m.media-amazon.com/images/M/MV5BOTIwZjFmNmYtZTI3YS00MGFiLTllYjUtZGNlNWJiMmM2ZmY1XkEyXkFqcGdeQXVyMTkxNjUyNQ@@._V1_SX300.jpg",
    "description": "",
    "price": 0.02,
    "available": true,
    "rentals": 1,
    "revenue": 0.02
  },
  {
    "id": "625aeed6fefee031204ec585",
    "title": "Uncharted",
    "year": "2022",
    "director": "Ruben Fleischer",
    "genre": "Action, Adventure",
    "runtime": 116,
    "language": "English, Spanish",
    "poster": "https://m.media-amazon.com/images/M/MV5BMWEwNjhkYzYtNjgzYy00YTY2LThjYWYtYzViMGJkZTI4Y2MyXkEyXkFqcGdeQXVyNTM0OTY1OQ@@._V1_SX300.jpg",
    "description": "",
    "price": 0.02,
    "available": true,
    "rentals": 1,
    "revenue": 0.02
  },
  {
    "id": "62875b062d7642002f3e9f10",
    "title": "Captain Marvel",
    "year": "2019",
    "director": "Anna Boden, Ryan Fleck",
    "genre": "Action, Adventure, Sci-Fi",
    "runtime": 123,
    "language": "English",
    "poster": "https://m.media-amazon.com/images/M/MV5BMTE0YWFmOTMtYTU2ZS00ZTIxLWE3OTEtYTNiYzBkZjViZThiXkEyXkFqcGdeQXVyODMzMzQ4OTI@._V1_SX300.jpg",
    "description": "",
    "price": 0.02,
    "available": true,
    "rentals": 0
  },
  {
    "id": "6289c3a1aa0c010f821b7a88",
    "title": "The Dark Knight",
    "year": "2008",
    "director": "Christopher Nolan",
    "genre": "Drama",
    "runtime": 152,
    "language": "English, Mandarin",
    "poster": "https://m.media-amazon.com/images/M/MV5BMTMxNTMwODM0NF5BMl5BanBnXkFtZTcwODAyMTk2Mw@@._V1_SX300.jpg",
    "description": "",
    "price": 0.02,
    "available": true,
    "rentals": 0
  },
  {
    "id": "6289c6f6bab2a26da869478c",
    "title": "Avatar",
    "year": "2009",
    "director": "James Cameron",
    "genre": "Action, Adventure, Fantasy",
    "runtime": 162,
    "language": "English, Spanish",
    "poster": "https://m.media-amazon.com/images/M/MV5BZDA0OGQxNTItMDZkMC00N2UyLTg3MzMtYTJmNjg3Nzk5MzRiXkEyXkFqcGdeQXVyMjUzOTY1NTc@._V1_SX300.jpg",
    "description": "",
    "price": 0.02,
    "available": true,
    "rentals": 0
  },
  {
    "id": "60bdae0cb1b0d030af499e03",
    "title": "Harry Potter and the Prisoner of Azkaban",
    "year": "2004",
    "director": "Alfonso Cuarón",
    "genre": "Adventure, Family, Fantasy, Mystery",
    "runtime": 142,
    "language": "English",
    "poster": "https://m.media-amazon.com/images/M/MV5BMTY4NTIwODg0N15BMl5BanBnXkFtZTcwOTc0MjEzMw@@._V1_SX300.jpg",
    "description": "",
    "price": 0.02,
    "available": true,
    "rentals": 0
  },
  {
    "id": "60d9ca998bd3549e372416c8",
    "title": "Suicide Squad",
    "year": "2016",
    "director": "David Ayer",
    "genre": "Action, Adventure, Fantasy",
    "runtime": 123,
    "language": "English, Japanese, Spanish",
    "poster": "https://m.media-amazon.com/images/M/MV5BMjM1OTMxNzUyM15BMl5BanBnXkFtZTgwNjYzMTIzOTE@._V1_SX300.jpg",
    "description": "",
    "price": 0.02,
    "available": true,
    "rentals": 0
  },
  {
    "id": "60f116ec81d4502964d886f4",
    "title": "Avengers: Endgame",
    "year": "2019",
    "director": "Anthony Russo, Joe Russo",
    "genre": "Action, Adventure, Drama, Sci-Fi",
    "runtime": 181,
    "language": "English, Japanese, Xhosa, German",
    "poster": "https://m.media-amazon.com/images/M/MV5BMTc5MDE2ODcwNV5BMl5BanBnXkFtZTgwMzI2NzQ2NzM@._V1_SX300.jpg",
    "description": "",
    "price": 0.02,
    "available": true,
    "rentals": 0
  },
  {
    "id": "626cf796405762003fc18f32",
    "title": "Harry Potter and the Deathly Hallows: Part 2",
    "year": "2011",
    "director": "Hello World",
    "genre": "Adventure, Fantasy, Mystery",
    "runtime": 130,
    "language": "English, Latin",
    "poster": "https://m.media-amazon.com/images/M/MV5BMGVmMWNiMDktYjQ0Mi00MWIxLTk0N2UtN2ZlYTdkN2IzNDNlXkEyXkFqcGdeQXVyODE5NzE3OTE@._V1_SX300.jpg",
    "description": "",
    "price": 0.02,
    "available": true,
    "rentals": 0
  },
  {
    "id": "628086514020d2002fa0ddb8",
    "title": "Sweeney Todd: The Demon Barber of Fleet Street",
    "year": "2007",
    "director": "Tim Burton",
    "genre": "Drama, Horror, Musical",
    "runtime": 116,
    "language": "English, Italian",
    "poster": "https://m.media-amazon.com/images/M/MV5BMTg3NjUxMzM5NV5BMl5BanBnXkFtZTcwMzQ1NjQzMw@@._V1_SX300.jpg",
    "description": "",
    "price": 0.02,
    "available": true,
    "rentals": 0
  },
  {
    "id": "6289e3f9bab2a26da869478e",
    "title": "Avatar",
    "year": "2009",
    "director": "James Cameron",
    "genre": "Action, Adventure, Fantasy",
    "runtime": 162,
    "language": "English, Spanish",
    "poster": "https://m.media-amazon.com/images/M/MV5BZDA0OGQxNTItMDZkMC00N2UyLTg3MzMtYTJmNjg3Nzk5MzRiXkEyXkFqcGdeQXVyMjUzOTY1NTc@._V1_SX300.jpg",
    "description": "",
    "price": 0.02,
    "available": true,
    "rentals": 0
  },
  {
    "id": "60bd91b6b1b0d030af499dfb",
    "title": "Star Trek Beyond",
    "year": "2016",
    "director": "Justin Lin",
    "genre": "Action, Adventure, Sci-Fi, Thriller",
    "runtime": 122,
    "language": "English",
    "poster": "https://m.media-amazon.com/images/M/MV5BODgzMTZmMGMtNTM4Ni00ZjIxLWIyYmUtZjcxMDEwMjkxMzQyXkEyXkFqcGdeQXVyMjMwNDgzNjc@._V1_SX300.jpg",
    "description": "",
    "price": 0.02,
    "available": true,
    "rentals": 0
  },
  {
    "id": "62721e0952fc3700387f9740",
    "title": "CODA",
    "year": "2021",
    "director": "Sian Heder",
    "genre": "Comedy, Drama, Music",
    "runtime": 111,
    "language": "American Sign , English",
    "poster": "https://m.media-amazon.com/images/M/MV5BYzkyNzNiMDItMGU1Yy00NmEyLWE4N2ItMjkzMDZmMmVhNDU4XkEyXkFqcGdeQXVyMTkxNjUyNQ@@._V1_SX300.jpg",
    "description": "",
    "price": 0.02,
    "available": true,
    "rentals": 0
  },
  {
    "id": "6282982eddee8c204f9b86f7",
    "title": "Iron Man 2",
    "year": "2010",
    "director": "Jon Favreau",
    "genre": "Action, Adventure, Sci-Fi",
    "runtime": 124,
    "language": "English, French, Russian",
    "poster": "https://m.media-amazon.com/images/M/MV5BMTM0MDgwNjMyMl5BMl5BanBnXkFtZTcwNTg3NzAzMw@@._V1_SX300.jpg",
    "description": "",
    "price": 0.02,
    "available": true,
    "rentals": 0
  },
  {
    "id": "625aef68fefee031204ec587",
    "title": "Dog",
    "year": "2022",
    "director": "Reid Carolin, Channing Tatum",
    "genre": "Comedy",
    "runtime": 101,
    "language": "English",
    "poster": "https://m.media-amazon.com/images/M/MV5BYjA2MDM2YjctYzNhNC00NGEzLWFmYWEtODExODFkNmUyOGE2XkEyXkFqcGdeQXVyODk2NDQ3MTA@._V1_SX300.jpg",
    "description": "",
    "price": 0.02,
    "available": true,
    "rentals": 0
  },
  {
    "id": "60bf03eb78eb0e32b2cf2fee",
    "title": "The Conman",
    "year": "1998",
    "director": "Jing Wong",
    "genre": "Comedy",
    "runtime": 107,
    "language": "Cantonese",
    "poster": "https://m.media-amazon.com/images/M/MV5BNjc4YjliZjUtMjZmNi00MDA3LWE3NDItZGIwMDQ5Mjc3YzA1XkEyXkFqcGdeQXVyMTQwMTE4OTU@._V1_SX300.jpg",
    "description": "",
    "price": 0.02,
    "available": true,
    "rentals": 0
  },
  {
    "id": "628086394020d2002fa0ddb7",
    "title": "Pirates of the Caribbean: Dead Men Tell No Tales",
    "year": "2017",
    "director": "Joachim Rønning, Espen Sandberg",
    "genre": "Action, Adventure, Fantasy",
    "runtime": 129,
    "language": "English, Spanish",
    "poster": "https://m.media-amazon.com/images/M/MV5BMTYyMTcxNzc5M15BMl5BanBnXkFtZTgwOTg2ODE2MTI@._V1_SX300.jpg",
    "description": "",
    "price": 0.02,
    "available": true,
    "rentals": 0
  },
  {
    "id": "6280a7a60a225942747116e8",
    "title": "A Better Tomorrow II",
    "year": "1987",
    "director": "John Woo",
    "genre": "Action, Crime, Drama",
    "runtime": 105,
    "language": "Mandarin, Cantonese, English",
    "poster": "https://m.media-amazon.com/images/M/MV5BOGFkZTA4MWYtNTM3Mi00Y2ZhLWEzYmMtNzIwMDFmMWU1MzdjXkEyXkFqcGdeQXVyMTc3MjY3NTY@._V1_SX300.jpg",
    "description": "",
    "price": 0.02,
    "available": true,
    "rentals": 0
  },
  {
    "id": "6289264927d4c8491f624cb7",
    "title": "Iron Man",
    "year": "2008",
    "director": "Jon Favreau",
    "genre": "Action, Adventure, Sci-Fi",
    "runtime": 126,
    "language": "English, Persian, Urdu, Arabic, Kurdish, Hindi, Hungarian",
    "poster": "https://m.media-amazon.com/images/M/MV5BMTczNTI2ODUwOF5BMl5BanBnXkFtZTcwMTU0NTIzMw@@._V1_SX300.jpg",
    "description": "",
    "price": 0.02,
    "available": true,
    "rentals": 0
  },
  {
    "id": "6289c29aaa0c010f821b7a87",
    "title": "The Dark Knight Rises",
    "year": "2012",
    "director": "Christopher",
    "genre": "Action, Crime, Drama",
    "runtime": 164,
    "language": "English, Arabic",
    "poster": "https://m.media-amazon.com/images/M/MV5BMTk4ODQzNDY3Ml5BMl5BanBnXkFtZTcwODA0NTM4Nw@@._V1_SX300.jpg",
    "description": "",
    "price": 0.02,
    "available": true,
    "rentals": 0
  },
  {
    "id": "62721f2cee480204feac6e91",
    "title": "Nomadland",
    "year": "2020",
    "director": "Chloé Zhao",
    "genre": "Drama",
    "runtime": 107,
    "language": "English",
    "poster": "https://m.media-amazon.com/images/M/MV5BMDRiZWUxNmItNDU5Yy00ODNmLTk0M2ItZjQzZTA5OTJkZjkyXkEyXkFqcGdeQXVyMTkxNjUyNQ@@._V1_SX300.jpg",
    "description": "",
    "price": 0.02,
    "available": true,
    "rentals": 0
  },
  {
    "id": "626cf2380907c21a8abc1d48",
    "title": "The Golden Era",
    "year": "2014",
    "director": "Ann Hui",
    "genre": "Biography, Drama, Romance",
    "runtime": 177,
    "language": "Mandarin",
    "poster": "https://m.media-amazon.com/images/M/MV5BMTk0NzA4NTEwNF5BMl5BanBnXkFtZTgwMTA0MTc5MjE@._V1_SX300.jpg",
    "description": "",
    "price": 0.02,
    "available": true,
    "rentals": 0
  },
  {
    "id": "60b500d0bceb63114b61b1de",
    "title": "Star Trek",
    "year": "2009",
    "director": "J.J. Abrams",
    "genre": "Action, Adventure, Sci-Fi",
    "runtime": 127,
    "language": "English",
    "poster": "https://m.media-amazon.com/images/M/MV5BMjE5NDQ5OTE4Ml5BMl5BanBnXkFtZTcwOTE3NDIzMw@@._V1_SX300.jpg",
    "description": "",
    "price": 0.02,
    "available": true,
    "rentals": 0
  },
  {
    "id": "628a4a20bab2a26da8694791",
    "title": "Avatar",
    "year": "2009",
    "director": "James Cameron",
    "genre": "Action, Adventure, Fantasy",
    "runtime": 162,
    "language": "English, Spanish",
    "poster": "https://m.media-amazon.com/images/M/MV5BZDA0OGQxNTItMDZkMC00N2UyLTg3MzMtYTJmNjg3Nzk5MzRiXkEyXkFqcGdeQXVyMjUzOTY1NTc@._V1_SX300.jpg",
    "description": "",
    "price": 0.02,
    "available": true,
    "rentals": 0
  },
  {
    "id": "60cfff649149802efc9f0270",
    "title": "2012",
    "year": "2009",
    "director": "Roland Emmerich",
    "genre": "Action, Adventure, Sci-Fi",
    "runtime": 158,
    "language": "English, French, Tibetan, Mandarin, Russian, Hindi, Portuguese, Latin, Italian, Spanish",
    "poster": "https://m.media-amazon.com/images/M/MV5BMTY0MjEyODQzMF5BMl5BanBnXkFtZTcwMTczMjQ4Mg@@._V1_SX300.jpg",
    "description": "",
    "price": 0.02,
    "available": true,
    "rentals": 0
  },
  {
    "id": "60bd9293b1b0d030af499dfd",
    "title": "Star Wars: Episode VI - Return of the Jedi",
    "year": "1983",
    "director": "Richard Marquand",
    "genre": "Action, Adventure, Fantasy, Sci-Fi",
    "runtime": 131,
    "language": "English",
    "poster": "https://m.media-amazon.com/images/M/MV5BOWZlMjFiYzgtMTUzNC00Y2IzLTk1NTMtZmNhMTczNTk0ODk1XkEyXkFqcGdeQXVyNTAyODkwOQ@@._V1_SX300.jpg",
    "description": "",
    "price": 0.02,
    "available": true,
    "rentals": 0
  },
  {
    "id": "6288cd5abab2a26da869478a",
    "title": "A Better Tomorrow",
    "year": "1986",
    "director": "John Woo",
    "genre": "Action, Crime, Drama",
    "runtime": 95,
    "language": "Cantonese, Mandarin, English",
    "poster": "https://m.media-amazon.com/images/M/MV5BZTEzMTYwZDItODIyYy00MjRkLTljOWMtZDI0ZmNjN2JjOTEyXkEyXkFqcGdeQXVyNzgzODI1OTE@._V1_SX300.jpg",
    "description": "",
    "price": 0.02,
    "available": true,
    "rentals": 0
  },
  {
    "id": "6289260c685ccf0031e14f9b",
    "title": "Avatar",
    "year": "1999",
    "director": "James Cameron",
    "genre": "Action, Adventure, Fantasy",
    "runtime": 100,
    "language": "English, Spanish",
    "poster": "https://m.media-amazon.com/images/M/MV5BZDA0OGQxNTItMDZkMC00N2UyLTg3MzMtYTJmNjg3Nzk5MzRiXkEyXkFqcGdeQXVyMjUzOTY1NTc@._V1_SX300.jpg",
    "description": "",
    "price": 0.02,
    "available": true,
    "rentals": 0
  },
  {
    "id": "60d9ccb98bd3549e372416ca",
    "title": "Cruella",
    "year": "2021",
    "director": "Craig Gillespie",
    "genre": "Comedy, Crime",
    "runtime": 134,
    "language": "English",
    "poster": "https://m.media-amazon.com/images/M/MV5BOWI5YTUxOWEtZmRiZS00ZmQxLWE2NzctYTRiODA2NzE1ZjczXkEyXkFqcGdeQXVyMDM2NDM2MQ@@._V1_SX300.jpg",
    "description": "",
    "price": 0.02,
    "available": true,
    "rentals": 0
  },
  {
    "id": "6275f633fefee031204ec590",
    "title": "Fresh",
    "year": "2022",
    "director": "Mimi Cave",
    "genre": "Comedy, Horror, Thriller",
    "runtime": 114,
    "language": "English",
    "poster": "https://m.media-amazon.com/images/M/MV5BZTgxMGQ2ZDctYWY4Yy00YTI4LWIxMmYtOWViMGI5ZDIwMmFiXkEyXkFqcGdeQXVyMTAyMjQ3NzQ1._V1_SX300.jpg",
    "description": "",
    "price": 0.02,
    "available": true,
    "rentals": 0
  },
  {
    "id": "6277cf815559bf00d6396f3e",
    "title": "Lady Bird",
    "year": "2017",
    "director": "Greta Gerwig",
    "genre": "Comedy, Drama",
    "runtime": 94,
    "language": "English, Spanish",
    "poster": "https://m.media-amazon.com/images/M/MV5BODhkZGE0NDQtZDc0Zi00YmQ4LWJiNmUtYTY1OGM1ODRmNGVkXkEyXkFqcGdeQXVyMTMxODk2OTU@._V1_SX300.jpg",
    "description": "",
    "price": 0.02,
    "available": true,
    "rentals": 0
  },
  {
    "id": "6289af4b7f7d57005e370411",
    "title": "2046",
    "year": "2004",
    "director": "Kar-Wai Wong",
    "genre": "Drama, Romance, Sci-Fi",
    "runtime": 129,
    "language": "Cantonese, Japanese, Mandarin",
    "poster": "https://m.media-amazon.com/images/M/MV5BM2NlYjY5N2QtZWIxNS00MWY3LTk5YTEtYWZkZTc3NTExZjI3XkEyXkFqcGdeQXVyMjUzOTY1NTc@._V1_SX300.jpg",
    "description": "",
    "price": 0.02,
    "available": true,
    "rentals": 0
  },
  {
    "id": "628a3c15a9f33000bec9ec51",
    "title": "Happy",
    "year": "2012",
    "director": "Roko Belic",
    "genre": "Documentary, Drama, Family",
    "runtime": 76,
    "language": "Portuguese, Mandarin, Japanese, French, Nama, Danish, English",
    "poster": "https://m.media-amazon.com/images/M/MV5BMjI1NTg1MzcwM15BMl5BanBnXkFtZTcwMjA2OTU4NQ@@._V1_SX300.jpg",
    "description": "",
    "price": 0.02,
    "available": true,
    "rentals": 0
  },
  {
    "id": "628084a34020d2002fa0ddb5",
    "title": "Everything Everywhere All at Once",
    "year": "2022",
    "director": "Dan Kwan, Daniel Scheinert",
    "genre": "Action, Adventure, Comedy",
    "runtime": 139,
    "language": "English, Mandarin, Cantonese",
    "poster": "https://m.media-amazon.com/images/M/MV5BYTdiOTIyZTQtNmQ1OS00NjZlLWIyMTgtYzk5Y2M3ZDVmMDk1XkEyXkFqcGdeQXVyMTAzMDg4NzU0._V1_SX300.jpg",
    "description": "",
    "price": 0.02,
    "available": true,
    "rentals": 0
  },
  {
    "id": "62829358e5354112e3e7fe57",
    "title": "Avatar",
    "year": "2009",
    "director": "James Cameron",
    "genre": "Action, Adventure, Fantasy",
    "runtime": 162,
    "language": "English, Spanish",
    "poster": "https://m.media-amazon.com/images/M/MV5BZDA0OGQxNTItMDZkMC00N2UyLTg3MzMtYTJmNjg3Nzk5MzRiXkEyXkFqcGdeQXVyMjUzOTY1NTc@._V1_SX300.jpg",
    "description": "",
    "price": 0.02,
    "available": true,
    "rentals": 0
  },
  {
    "id": "628a3eefa9f33000bec9ec53",
    "title": "Cinderella",
    "year": "2012",
    "director": "Roko Belic",
    "genre": "Documentary, Drama, Family",
    "runtime": 76,
    "language": "Portuguese, Mandarin, Japanese, French, Nama, Danish, English",
    "poster": "https://m.media-amazon.com/images/M/MV5BMjMxODYyODEzN15BMl5BanBnXkFtZTgwMDk4OTU0MzE@._V1_SX300.jpg",
    "description": "",
    "price": 0.02,
    "available": true,
    "rentals": 0
  },
  {
    "id": "628a4556bab2a26da8694790",
    "title": "Avatar",
    "year": "2009",
    "director": "James Cameron",
    "genre": "Action, Adventure, Fantasy",
    "runtime": 162,
    "language": "English, Spanish",
    "poster": "https://m.media-amazon.com/images/M/MV5BZDA0OGQxNTItMDZkMC00N2UyLTg3MzMtYTJmNjg3Nzk5MzRiXkEyXkFqcGdeQXVyMjUzOTY1NTc@._V1_SX300.jpg",
    "description": "",
    "price": 0.02,
    "available": true,
    "rentals": 0
  },
  {
    "id": "60bdaddeb1b0d030af499e02",
    "title": "Harry Potter and the Goblet of Fire",
    "year": "2005",
    "director": "Mike Newell",
    "genre": "Adventure, Family, Fantasy, Mystery",
    "runtime": 157,
    "language": "English, French",
    "poster": "https://m.media-amazon.com/images/M/MV5BMTI1NDMyMjExOF5BMl5BanBnXkFtZTcwOTc4MjQzMQ@@._V1_SX300.jpg",
    "description": "",
    "price": 0.02,
    "available": true,
    "rentals": 0
  },
  {
    "id": "60f11db181d4502964d886f5",
    "title": "Avengers: Infinity War",
    "year": "2018",
    "director": "Anthony Russo, Joe Russo",
    "genre": "Action, Adventure, Sci-Fi",
    "runtime": 149,
    "language": "English",
    "poster": "https://m.media-amazon.com/images/M/MV5BMjMxNjY2MDU1OV5BMl5BanBnXkFtZTgwNzY1MTUwNTM@._V1_SX300.jpg",
    "description": "",
    "price": 0.02,
    "available": true,
    "rentals": 0
  },
  {
    "id": "60d9cd848bd3549e372416cc",
    "title": "Tenet",
    "year": "2020",
    "director": "Christopher Nolan",
    "genre": "Action, Sci-Fi, Thriller",
    "runtime": 150,
    "language": "English, Russian, Ukrainian, Estonian, Norwegian, Hindi",
    "poster": "https://m.media-amazon.com/images/M/MV5BYzg0NGM2NjAtNmIxOC00MDJmLTg5ZmYtYzM0MTE4NWE2NzlhXkEyXkFqcGdeQXVyMTA4NjE0NjEy._V1_SX300.jpg",
    "description": "",
    "price": 0.02,
    "available": true,
    "rentals": 0
  },
  {
    "id": "60f2f6bf81d4502964d88730",
    "title": "Iron Man",
    "year": "2008",
    "director": "Jon Favreau",
    "genre": "Action, Adventure, Sci-Fi",
    "runtime": 126,
    "language": "English, Persian, Urdu, Arabic, Kurdish, Hindi, Hungarian",
    "poster": "https://m.media-amazon.com/images/M/MV5BMTczNTI2ODUwOF5BMl5BanBnXkFtZTcwMTU0NTIzMw@@._V1_SX300.jpg",
    "description": "",
    "price": 0.02,
    "available": true,
    "rentals": 0
  },
  {
    "id": "628296a4e5354112e3e7fe58",
    "title": "Spider-Man: No Way Home",
    "year": "2021",
    "director": "Jon Watts",
    "genre": "Action, Adventure, Fantasy",
    "runtime": 148,
    "language": "English",
    "poster": "https://m.media-amazon.com/images/M/MV5BZWMyYzFjYTYtNTRjYi00OGExLWE2YzgtOGRmYjAxZTU3NzBiXkEyXkFqcGdeQXVyMzQ0MzA0NTM@._V1_SX300.jpg",
    "description": "",
    "price": 0.02,
    "available": true,
    "rentals": 0
  },
  {
    "id": "628865f2bdd00a002f318c65",
    "title": "La La Land",
    "year": "2016",
    "director": "Damien Chazelle",
    "genre": "Comedy, Drama, Music",
    "runtime": 128,
    "language": "English, Cantonese",
    "poster": "https://m.media-amazon.com/images/M/MV5BMzUzNDM2NzM2MV5BMl5BanBnXkFtZTgwNTM3NTg4OTE@._V1_SX300.jpg",
    "description": "",
    "price": 0.02,
    "available": true,
    "rentals": 0
  },
  {
    "id": "628927d727d4c8491f624cb9",
    "title": "Friction",
    "year": "2010",
    "director": "Cullen Hoback",
    "genre": "Comedy, Drama, Mystery",
    "runtime": 89,
    "language": "English",
    "poster": "https://m.media-amazon.com/images/M/MV5BMTc5NzcxNzYxOV5BMl5BanBnXkFtZTcwMjE3ODk1Mw@@._V1_SX300.jpg",
    "description": "",
    "price": 0.02,
    "available": true,
    "rentals": 0
  },
  {
    "id": "6289285027d4c8491f624cba",
    "title": "Butterfly",
    "year": "1999",
    "director": "José Luis Cuerda",
    "genre": "Drama, War",
    "runtime": 96,
    "language": "Spanish, Galician, Latin",
    "poster": "https://m.media-amazon.com/images/M/MV5BZTAwNzQ1MTktZDRmMi00OTZjLWJmNjctMGM3ZTQxNjNlYTA4XkEyXkFqcGdeQXVyMTA0MjU0Ng@@._V1_SX300.jpg",
    "description": "",
    "price": 0.02,
    "available": true,
    "rentals": 0
  },
  {
    "id": "60f107dc81d4502964d886f3",
    "title": "The Rock",
    "year": "2000",
    "director": "Michael Bay",
    "genre": "Action, Adventure, Thriller",
    "runtime": 138,
    "language": "English",
    "poster": "https://m.media-amazon.com/images/M/MV5BZDJjOTE0N2EtMmRlZS00NzU0LWE0ZWQtM2Q3MWMxNjcwZjBhXkEyXkFqcGdeQXVyNDk3NzU2MTQ@._V1_SX300.jpg",
    "description": "",
    "price": 0.02,
    "available": true,
    "rentals": 0
  },
  {
    "id": "60b50127bceb63114b61b1df",
    "title": "Indiana Jones and the Raiders of the Lost Ark",
    "year": "1981",
    "director": "Steven Spielberg",
    "genre": "Action, Adventure",
    "runtime": 115,
    "language": "English, German, Hebrew, Spanish, Arabic, Nepali",
    "poster": "https://m.media-amazon.com/images/M/MV5BMjA0ODEzMTc1Nl5BMl5BanBnXkFtZTcwODM2MjAxNA@@._V1_SX300.jpg",
    "description": "",
    "price": 0.02,
    "available": true,
    "rentals": 0
  },
  {
    "id": "625aee7efefee031204ec584",
    "title": "The Batman",
    "year": "2022",
    "director": "Matt Reeves",
    "genre": "Action, Crime, Drama",
    "runtime": 176,
    "language": "English",
    "poster": "https://m.media-amazon.com/images/M/MV5BMDdmMTBiNTYtMDIzNi00NGVlLWIzMDYtZTk3MTQ3NGQxZGEwXkEyXkFqcGdeQXVyMzMwOTU5MDk@._V1_SX300.jpg",
    "description": "",
    "price": 0.02,
    "available": true,
    "rentals": 0
  },
  {
    "id": "628926fa27d4c8491f624cb8",
    "title": "Iron Man",
    "year": "2008",
    "director": "Jon Favreau",
    "genre": "Action, Adventure, Sci-Fi",
    "runtime": 126,
    "language": "English, Persian, Urdu, Arabic, Kurdish, Hindi, Hungarian",
    "poster": "https://m.media-amazon.com/images/M/MV5BMTczNTI2ODUwOF5BMl5BanBnXkFtZTcwMTU0NTIzMw@@._V1_SX300.jpg",
    "description": "",
    "price": 0.02,
    "available": true,
    "rentals": 0
  },
  {
    "id": "628a3e74a9f33000bec9ec52",
    "title": "Happy",
    "year": "2012",
    "director": "Roko Belic",
    "genre": "Documentary, Drama, Family",
    "runtime": 76,
    "language": "Portuguese, Mandarin, Japanese, French, Nama, Danish, English",
    "poster": "https://m.media-amazon.com/images/M/MV5BMjI1NTg1MzcwM15BMl5BanBnXkFtZTcwMjA2OTU4NQ@@._V1_SX300.jpg",
    "description": "",
    "price": 0.02,
    "available": true,
    "rentals": 0
  },
  {
    "id": "628a44f3bab2a26da869478f",
    "title": "Avatar",
    "year": "2009",
    "director": "James Cameron",
    "genre": "Action, Adventure, Fantasy",
    "runtime": 162,
    "language": "English, Spanish",
    "poster": "https://m.media-amazon.com/images/M/MV5BZDA0OGQxNTItMDZkMC00N2UyLTg3MzMtYTJmNjg3Nzk5MzRiXkEyXkFqcGdeQXVyMjUzOTY1NTc@._V1_SX300.jpg",
    "description": "",
    "price": 0.02,
    "available": true,
    "rentals": 0
  },
  {
    "id": "60d9cd258bd3549e372416cb",
    "title": "Wonder Woman 1984",
    "year": "2020",
    "director": "Patty Jenkins",
    "genre": "Action, Adventure, Fantasy",
    "runtime": 151,
    "language": "English",
    "poster": "https://m.media-amazon.com/images/M/MV5BYTlhNzJjYzYtNGU3My00ZDI5LTgzZDUtYzllYjU1ZmU0YTgwXkEyXkFqcGdeQXVyMjQwMDg0Ng@@._V1_SX300.jpg",
    "description": "",
    "price": 0.02,
    "available": true,
    "rentals": 0
  },
  {
    "id": "60d9c7638bd3549e372416c7",
    "title": "Miss Americana",
    "year": "2020",
    "director": "Lana Wilson",
    "genre": "Documentary, Biography, Music",
    "runtime": 85,
    "language": "English",
    "poster": "https://m.media-amazon.com/images/M/MV5BYzE5MTM2M2EtNzIzNy00M2NiLWE1N2EtNGFkZDAxMWEwOWU3XkEyXkFqcGdeQXVyMTkxNjUyNQ@@._V1_SX300.jpg",
    "description": "",
    "price": 0.02,
    "available": true,
    "rentals": 0
  },
  {
    "id": "645649fe8d2a20944a295628",
    "title": "Doctor Strange in the Multiverse of Madness",
    "year": "2022",
    "director": "Sam Raimi",
    "genre": "Action, Adventure, Fantasy",
    "runtime": 134,
    "language": "English, Spanish, Chinese",
    "poster": "https://m.media-amazon.com/images/M/MV5BNWM0ZGJlMzMtZmYwMi00NzI3LTgzMzMtNjMzNjliNDRmZmFlXkEyXkFqcGdeQXVyMTM1MTE1NDMx._V1_SX300.jpg",
    "description": "",
    "price": 0.02,
    "available": true,
    "rentals": 0
  },
  {
    "id": "6460fe988d2a20944a29562d",
    "title": "Maze",
    "year": "2017",
    "director": "Stephen Burke",
    "genre": "Biography, Crime, Drama",
    "runtime": 99,
    "language": "English",
    "poster": "https://m.media-amazon.com/images/M/MV5BN2UwNjUzYTctZmJhMi00Y2U5LWIwMGUtNmYxYzY0NDc5ZDZlXkEyXkFqcGdeQXVyNzg5MzIyOA@@._V1_SX300.jpg",
    "description": "",
    "price": 0.02,
    "available": true,
    "rentals": 0
  },
  {
    "id": "64610a9d8d2a20944a295635",
    "title": "Thor: The Dark World",
    "year": "2013",
    "director": "Alan Taylor",
    "genre": "Action, Adventure, Fantasy",
    "runtime": 112,
    "language": "English",
    "poster": "https://m.media-amazon.com/images/M/MV5BMTQyNzAwOTUxOF5BMl5BanBnXkFtZTcwMTE0OTc5OQ@@._V1_SX300.jpg",
    "description": "",
    "price": 0.02,
    "available": true,
    "rentals": 0
  },
  {
    "id": "64610c5b8d2a20944a295636",
    "title": "Avengers: Age of Ultron",
    "year": "2015",
    "director": "Joss Whedon",
    "genre": "Action, Adventure, Sci-Fi",
    "runtime": 141,
    "language": "English, Korean",
    "poster": "https://m.media-amazon.com/images/M/MV5BMTM4OGJmNWMtOTM4Ni00NTE3LTg3MDItZmQxYjc4N2JhNmUxXkEyXkFqcGdeQXVyNTgzMDMzMTg@._V1_SX300.jpg",
    "description": "",
    "price": 0.02,
    "available": true,
    "rentals": 0
  },
  {
    "id": "64610dcb8d2a20944a295637",
    "title": "Ant-Man and the Wasp: Quantumania",
    "year": "2023",
    "director": "Peyton Reed",
    "genre": "Action, Adventure, Comedy",
    "runtime": 124,
    "language": "English",
    "poster": "https://m.media-amazon.com/images/M/MV5BODZhNzlmOGItMWUyYS00Y2Q5LWFlNzMtM2I2NDFkM2ZkYmE1XkEyXkFqcGdeQXVyMTU5OTA4NTIz._V1_SX300.jpg",
    "description": "",
    "price": 0.02,
    "available": true,
    "rentals": 0
  },
  {
    "id": "64610efe8d2a20944a295638",
    "title": "Guardians of the Galaxy Vol. 2",
    "year": "2017",
    "director": "James Gunn",
    "genre": "Action, Adventure, Comedy",
    "runtime": 136,
    "language": "English",
    "poster": "https://m.media-amazon.com/images/M/MV5BNjM0NTc0NzItM2FlYS00YzEwLWE0YmUtNTA2ZWIzODc2OTgxXkEyXkFqcGdeQXVyNTgwNzIyNzg@._V1_SX300.jpg",
    "description": "",
    "price": 0.02,
    "available": true,
    "rentals": 0
  },
  {
    "id": "64610f588d2a20944a295639",
    "title": "Ant-Man and the Wasp",
    "year": "2018",
    "director": "Peyton Reed",
    "genre": "Action, Adventure, Comedy",
    "runtime": 118,
    "language": "English, Spanish, French",
    "poster": "https://m.media-amazon.com/images/M/MV5BYjcyYTk0N2YtMzc4ZC00Y2E0LWFkNDgtNjE1MzZmMGE1YjY1XkEyXkFqcGdeQXVyMTMxODk2OTU@._V1_SX300.jpg",
    "description": "",
    "price": 0.02,
    "available": true,
    "rentals": 0
  },
  {
    "id": "64611e6c8d2a20944a29563b",
    "title": "Nobody",
    "year": "2021",
    "director": "Ilya Naishuller",
    "genre": "Action, Crime, Drama",
    "runtime": 92,
    "language": "English, Russian, Spanish",
    "poster": "https://m.media-amazon.com/images/M/MV5BMjM5YTRlZmUtZGVmYi00ZjE2LWIyNzAtOWVhMDk1MDdkYzhjXkEyXkFqcGdeQXVyMjMxOTE0ODA@._V1_SX300.jpg",
    "description": "",
    "price": 0.02,
    "available": true,
    "rentals": 0
  },
  {
    "id": "64611f9d8d2a20944a29563c",
    "title": "Harry Potter and the Sorcerer's Stone",
    "year": "2001",
    "director": "Chris Columbus",
    "genre": "Adventure, Family, Fantasy",
    "runtime": 152,
    "language": "English, Latin",
    "poster": "https://m.media-amazon.com/images/M/MV5BNmQ0ODBhMjUtNDRhOC00MGQzLTk5MTAtZDliODg5NmU5MjZhXkEyXkFqcGdeQXVyNDUyOTg3Njg@._V1_SX300.jpg",
    "description": "",
    "price": 0.02,
    "available": true,
    "rentals": 0
  },
  {
    "id": "64611ff68d2a20944a29563d",
    "title": "Harry Potter and the Chamber of Secrets",
    "year": "2002",
    "director": "Chris Columbus",
    "genre": "Adventure, Family, Fantasy",
    "runtime": 161,
    "language": "English, Latin",
    "poster": "https://m.media-amazon.com/images/M/MV5BMjE0YjUzNDUtMjc5OS00MTU3LTgxMmUtODhkOThkMzdjNWI4XkEyXkFqcGdeQXVyMTA3MzQ4MTc0._V1_SX300.jpg",
    "description": "",
    "price": 0.02,
    "available": true,
    "rentals": 0
  },
  {
    "id": "646120478d2a20944a29563e",
    "title": "Harry Potter and the Prisoner of Azkaban",
    "year": "2004",
    "director": "Alfonso Cuarón",
    "genre": "Adventure, Family, Fantasy",
    "runtime": 142,
    "language": "English, Latin, Old English",
    "poster": "https://m.media-amazon.com/images/M/MV5BMTY4NTIwODg0N15BMl5BanBnXkFtZTcwOTc0MjEzMw@@._V1_SX300.jpg",
    "description": "",
    "price": 0.02,
    "available": true,
    "rentals": 0
  },
  {
    "id": "646120738d2a20944a29563f",
    "title": "Harry Potter and the Goblet of Fire",
    "year": "2005",
    "director": "Mike Newell",
    "genre": "Adventure, Family, Fantasy",
    "runtime": 157,
    "language": "English, French, Latin",
    "poster": "https://m.media-amazon.com/images/M/MV5BMTI1NDMyMjExOF5BMl5BanBnXkFtZTcwOTc4MjQzMQ@@._V1_SX300.jpg",
    "description": "",
    "price": 0.02,
    "available": true,
    "rentals": 0
  },
  {
    "id": "646121aa8d2a20944a295640",
    "title": "Harry Potter and the Half-Blood Prince",
    "year": "2009",
    "director": "David Yates",
    "genre": "Action, Adventure, Family",
    "runtime": 153,
    "language": "English, Latin",
    "poster": "https://m.media-amazon.com/images/M/MV5BNzU3NDg4NTAyNV5BMl5BanBnXkFtZTcwOTg2ODg1Mg@@._V1_SX300.jpg",
    "description": "",
    "price": 0.02,
    "available": true,
    "rentals": 0
  },
  {
    "id": "646122638d2a20944a295642",
    "title": "The Matrix",
    "year": "1999",
    "director": "Lana Wachowski, Lilly Wachowski",
    "genre": "Action, Sci-Fi",
    "runtime": 136,
    "language": "English",
    "poster": "https://m.media-amazon.com/images/M/MV5BNzQzOTk3OTAtNDQ0Zi00ZTVkLWI0MTEtMDllZjNkYzNjNTc4L2ltYWdlXkEyXkFqcGdeQXVyNjU0OTQ0OTY@._V1_SX300.jpg",
    "description": "",
    "price": 0.02,
    "available": true,
    "rentals": 0
  },
  {
    "id": "6461228c8d2a20944a295643",
    "title": "The Matrix Reloaded",
    "year": "2003",
    "director": "Lana Wachowski, Lilly Wachowski",
    "genre": "Action, Sci-Fi",
    "runtime": 138,
    "language": "English, French",
    "poster": "https://m.media-amazon.com/images/M/MV5BODE0MzZhZTgtYzkwYi00YmI5LThlZWYtOWRmNWE5ODk0NzMxXkEyXkFqcGdeQXVyNjU0OTQ0OTY@._V1_SX300.jpg",
    "description": "",
    "price": 0.02,
    "available": true,
    "rentals": 0
  },
  {
    "id": "646122f08d2a20944a295644",
    "title": "The Matrix Revolutions",
    "year": "2003",
    "director": "Lana Wachowski, Lilly Wachowski",
    "genre": "Action, Sci-Fi",
    "runtime": 129,
    "language": "Sanskrit, English, French",
    "poster": "https://m.media-amazon.com/images/M/MV5BNzNlZTZjMDctZjYwNi00NzljLWIwN2QtZWZmYmJiYzQ0MTk2XkEyXkFqcGdeQXVyNTAyODkwOQ@@._V1_SX300.jpg",
    "description": "",
    "price": 0.02,
    "available": true,
    "rentals": 0
  },
  {
    "id": "646122f78d2a20944a295645",
    "title": "The Matrix Resurrections",
    "year": "2021",
    "director": "Lana Wachowski",
    "genre": "Action, Sci-Fi",
    "runtime": 148,
    "language": "English, French, Spanish, Japanese",
    "poster": "https://m.media-amazon.com/images/M/MV5BMGJkNDJlZWUtOGM1Ny00YjNkLThiM2QtY2ZjMzQxMTIxNWNmXkEyXkFqcGdeQXVyMDM2NDM2MQ@@._V1_SX300.jpg",
    "description": "",
    "price": 0.02,
    "available": true,
    "rentals": 0
  },
  {
    "id": "64612aff8d2a20944a295648",
    "title": "King of Comedy",
    "year": "1999",
    "director": "Stephen Chow, Lik-Chi Lee",
    "genre": "Comedy, Drama, Romance",
    "runtime": 89,
    "language": "Cantonese",
    "poster": "https://m.media-amazon.com/images/M/MV5BMGNkNDFlMWUtZmY2Yy00YWYxLWFhYTctYzgwNzdmZjZlMmUwXkEyXkFqcGdeQXVyMTA0MTM5NjI2._V1_SX300.jpg",
    "description": "",
    "price": 0.02,
    "available": true,
    "rentals": 0
  },
  {
    "id": "646131d38d2a20944a295649",
    "title": "The God of Cookery",
    "year": "1996",
    "director": "Stephen Chow, Lik-Chi Lee",
    "genre": "Action, Comedy, Fantasy",
    "runtime": 95,
    "language": "Cantonese",
    "poster": "https://m.media-amazon.com/images/M/MV5BN2QxNDI0N2UtMmM3OC00YTIxLWJjNzctZmQxZTczOGJhZDc2XkEyXkFqcGdeQXVyMTA0MTM5NjI2._V1_SX300.jpg",
    "description": "",
    "price": 0.02,
    "available": true,
    "rentals": 0
  },
  {
    "id": "646132418d2a20944a29564a",
    "title": "Love on Delivery",
    "year": "2007",
    "director": "Janus Metz",
    "genre": "Documentary",
    "runtime": 58,
    "language": "Danish",
    "poster": "https://m.media-amazon.com/images/M/MV5BYzBhNzI5OGYtZjE1My00ZDkyLWFmMmYtMzQyZjUyNzlkMTZlXkEyXkFqcGdeQXVyNDU2NjMzODg@._V1_SX300.jpg",
    "description": "",
    "price": 0.02,
    "available": true,
    "rentals": 0
  },
  {
    "id": "6461329d8d2a20944a29564b",
    "title": "Forbidden City Cop",
    "year": "1996",
    "director": "Stephen Chow, Vincent Kok",
    "genre": "Action, Comedy, Fantasy",
    "runtime": 89,
    "language": "Cantonese, English",
    "poster": "https://m.media-amazon.com/images/M/MV5BZThhZjZmMjktOWVkMC00OWM3LTkxMTUtMGNiMzE0Mjg3OTkzXkEyXkFqcGdeQXVyMzAxNjg3MjQ@._V1_SX300.jpg",
    "description": "",
    "price": 0.02,
    "available": true,
    "rentals": 0
  },
  {
    "id": "6471fd2e8d2a20944a29564c",
    "title": "Inception",
    "year": "2010",
    "director": "Christopher Nolan",
    "genre": "Action, Adventure, Sci-Fi",
    "runtime": 148,
    "language": "English, Japanese, French",
    "poster": "https://m.media-amazon.com/images/M/MV5BMjAxMzY3NjcxNF5BMl5BanBnXkFtZTcwNTI5OTM0Mw@@._V1_SX300.jpg",
    "description": "",
    "price": 0.02,
    "available": true,
    "rentals": 0
  },
  {
    "id": "64745a8f8d2a20944a295650",
    "title": "Eternal Love",
    "year": "2017",
    "director": "N/A",
    "genre": "Drama, Fantasy, Romance",
    "runtime": 45,
    "language": "Chinese",
    "poster": "https://m.media-amazon.com/images/M/MV5BMmFmYjlmOTQtN2EzZC00ZjA2LTk3YTMtMjQ4MDk4MDdjMDVmL2ltYWdlXkEyXkFqcGdeQXVyNTAwNzc3ODg@._V1_SX300.jpg",
    "description": "",
    "price": 0.02,
    "available": true,
    "rentals": 0
  },
  {
    "id": "64745ad28d2a20944a295651",
    "title": "Eternal Love of Dream",
    "year": "2020",
    "director": "N/A",
    "genre": "Drama, Fantasy, Romance",
    "runtime": 45,
    "language": "Mandarin",
    "poster": "https://m.media-amazon.com/images/M/MV5BN2NiY2U2NjctZGU0MS00NmE3LTgxODUtYTk2NWViZGViZmNhXkEyXkFqcGdeQXVyMjQ0OTYxOTc@._V1_SX300.jpg",
    "description": "",
    "price": 0.02,
    "available": true,
    "rentals": 0
  },
  {
    "id": "647600288d2a20944a29565d",
    "title": "Hotel Del Luna",
    "year": "2019",
    "director": "N/A",
    "genre": "Action, Comedy, Drama",
    "runtime": 75,
    "language": "Korean",
    "poster": "https://m.media-amazon.com/images/M/MV5BNWU3M2YxZmEtZTZiMi00NTBhLWEyYWMtOTBhOTEyMzkyYmI4XkEyXkFqcGdeQXVyMTA3MzQ4MTc0._V1_SX300.jpg",
    "description": "",
    "price": 0.02,
    "available": true,
    "rentals": 0
  },
  {
    "id": "647b59688d2a20944a295662",
    "title": "Bear",
    "year": "2010",
    "director": "Roel Reiné",
    "genre": "Action, Adventure, Drama",
    "runtime": 66,
    "language": "English",
    "poster": "https://m.media-amazon.com/images/M/MV5BMTcyNzU1NTI1NV5BMl5BanBnXkFtZTcwNDAyODg5Mg@@._V1_SX300.jpg",
    "description": "",
    "price": 0.02,
    "available": true,
    "rentals": 0
  },
  {
    "id": "647b5a6a8d2a20944a295665",
    "title": "Top Gun: Maverick",
    "year": "2022",
    "director": "Joseph Kosinski",
    "genre": "Action, Drama",
    "runtime": 66,
    "language": "English",
    "poster": "https://m.media-amazon.com/images/M/MV5BZWYzOGEwNTgtNWU3NS00ZTQ0LWJkODUtMmVhMjIwMjA1ZmQwXkEyXkFqcGdeQXVyMjkwOTAyMDU@._V1_SX300.jpg",
    "description": "",
    "price": 0.02,
    "available": true,
    "rentals": 0
  },
  {
    "id": "647b624b8d2a20944a295668",
    "title": "The Fast and the Furious: Tokyo Drift",
    "year": "2006",
    "director": "Justin Lin",
    "genre": "Action, Crime, Thriller",
    "runtime": 104,
    "language": "English, Japanese, Portuguese",
    "poster": "https://m.media-amazon.com/images/M/MV5BMTQ2NTMxODEyNV5BMl5BanBnXkFtZTcwMDgxMjA0MQ@@._V1_SX300.jpg",
    "description": "",
    "price": 0.02,
    "available": true,
    "rentals": 0
  },
  {
    "id": "647b628e8d2a20944a295669",
    "title": "John Wick",
    "year": "2014",
    "director": "Chad Stahelski, David Leitch",
    "genre": "Action, Crime, Thriller",
    "runtime": 101,
    "language": "English, Russian, Hungarian",
    "poster": "https://m.media-amazon.com/images/M/MV5BMTU2NjA1ODgzMF5BMl5BanBnXkFtZTgwMTM2MTI4MjE@._V1_SX300.jpg",
    "description": "",
    "price": 0.02,
    "available": true,
    "rentals": 0
  },
  {
    "id": "647b62d28d2a20944a29566a",
    "title": "Mission: Impossible - Ghost Protocol",
    "year": "2011",
    "director": "Brad Bird",
    "genre": "Action, Adventure, Thriller",
    "runtime": 132,
    "language": "English, Russian, French, Arabic, Swedish",
    "poster": "https://m.media-amazon.com/images/M/MV5BMTY4MTUxMjQ5OV5BMl5BanBnXkFtZTcwNTUyMzg5Ng@@._V1_SX300.jpg",
    "description": "",
    "price": 0.02,
    "available": true,
    "rentals": 0
  },
  {
    "id": "647b631c8d2a20944a29566b",
    "title": "The Lord of the Rings: The Return of the King",
    "year": "2003",
    "director": "Peter Jackson",
    "genre": "Action, Adventure, Drama",
    "runtime": 201,
    "language": "English, Quenya, Old English, Sindarin",
    "poster": "https://m.media-amazon.com/images/M/MV5BNzA5ZDNlZWMtM2NhNS00NDJjLTk4NDItYTRmY2EwMWZlMTY3XkEyXkFqcGdeQXVyNzkwMjQ5NzM@._V1_SX300.jpg",
    "description": "",
    "price": 0.02,
    "available": true,
    "rentals": 0
  },
  {
    "id": "647b637f8d2a20944a29566c",
    "title": "The Lord of the Rings: The Fellowship of the Ring",
    "year": "2001",
    "director": "Peter Jackson",
    "genre": "Action, Adventure, Drama",
    "runtime": 178,
    "language": "English, Sindarin",
    "poster": "https://m.media-amazon.com/images/M/MV5BN2EyZjM3NzUtNWUzMi00MTgxLWI0NTctMzY4M2VlOTdjZWRiXkEyXkFqcGdeQXVyNDUzOTQ5MjY@._V1_SX300.jpg",
    "description": "",
    "price": 0.02,
    "available": true,
    "rentals": 0
  },
  {
    "id": "647d148b8d2a20944a29566e",
    "title": "Python2",
    "year": "2000",
    "director": "Richard Clabaugh",
    "genre": "Action, Comedy, Horror, Sci-Fi, Thriller",
    "runtime": 99,
    "language": "English",
    "poster": "https://m.media-amazon.com/images/M/MV5BZGZlNWU0ZWEtNzY4MC00NDdmLTgzOTktOTgzMjBlNGMxN2ZmL2ltYWdlL2ltYWdlXkEyXkFqcGdeQXVyMTQxNzMzNDI@._V1_SX300.jpg",
    "description": "",
    "price": 0.02,
    "available": true,
    "rentals": 0
  },
  {
    "id": "6485dad82f8ef21c43edf18e",
    "title": "Sky",
    "year": "2015",
    "director": "Fabienne Berthaud",
    "genre": "Drama, Romance",
    "runtime": 100,
    "language": "English, French",
    "poster": "https://m.media-amazon.com/images/M/MV5BMTkyNTMzMDc3MV5BMl5BanBnXkFtZTgwMzA2MTQ3ODE@._V1_SX300.jpg",
    "description": "",
    "price": 0.02,
    "available": true,
    "rentals": 0
  },
  {
    "id": "6485db382f8ef21c43edf18f",
    "title": "Iron Man",
    "year": "2008",
    "director": "Jon Favreau",
    "genre": "Action, Adventure, Sci-Fi",
    "runtime": 126,
    "language": "English, Persian, Urdu, Arabic, Kurdish, Hindi, Hungarian",
    "poster": "https://m.media-amazon.com/images/M/MV5BMTczNTI2ODUwOF5BMl5BanBnXkFtZTcwMTU0NTIzMw@@._V1_SX300.jpg",
    "description": "",
    "price": 0.02,
    "available": true,
    "rentals": 0
  },
  {
    "id": "6485db5c2f8ef21c43edf190",
    "title": "Spider",
    "year": "2002",
    "director": "David Cronenberg",
    "genre": "Drama, Mystery, Thriller",
    "runtime": 98,
    "language": "English",
    "poster": "https://m.media-amazon.com/images/M/MV5BMmY4OGRmNWMtNmIyNS00YWQ5LWJmMGUtMDI3MWRlMmQ0ZDQzL2ltYWdlXkEyXkFqcGdeQXVyNTAyODkwOQ@@._V1_SX300.jpg",
    "description": "",
    "price": 0.02,
    "available": true,
    "rentals": 0
  },
  {
    "id": "64860d422f8ef21c43edf195",
    "title": "Iron Man",
    "year": "2008",
    "director": "Jon Favreau",
    "genre": "Action, Adventure, Sci-Fi",
    "runtime": 143,
    "language": "English, Persian, Urdu, Arabic, Kurdish, Hindi, Hungarian",
    "poster": "https://m.media-amazon.com/images/M/MV5BMTczNTI2ODUwOF5BMl5BanBnXkFtZTcwMTU0NTIzMw@@._V1_SX300.jpg",
    "description": "",
    "price": 0.02,
    "available": true,
    "rentals": 0
  },
  {
    "id": "6488662c2f8ef21c43edf1c2",
    "title": "Iron Man",
    "year": "2008",
    "director": "Jon Favreau",
    "genre": "Action, Adventure, Sci-Fi",
    "runtime": 126,
    "language": "English, Persian, Urdu, Arabic, Kurdish, Hindi, Hungarian",
    "poster": "https://m.media-amazon.com/images/M/MV5BMTczNTI2ODUwOF5BMl5BanBnXkFtZTcwMTU0NTIzMw@@._V1_SX300.jpg",
    "description": "",
    "price": 0.02,
    "available": true,
    "rentals": 0
  },
  {
    "id": "648876572f8ef21c43edf1c8",
    "title": "Iron Man",
    "year": "2008",
    "director": "Jon Favreau",
    "genre": "Action, Adventure, Sci-Fi",
    "runtime": 125,
    "language": "English, Persian, Urdu, Arabic, Kurdish, Hindi, Hungarian",
    "poster": "https://m.media-amazon.com/images/M/MV5BMTczNTI2ODUwOF5BMl5BanBnXkFtZTcwMTU0NTIzMw@@._V1_SX300.jpg",
    "description": "",
    "price": 0.02,
    "available": true,
    "rentals": 0
  },
  {
    "id": "6489450d2f8ef21c43edf1cb",
    "title": "The Beach",
    "year": "2000",
    "director": "Danny Boyle",
    "genre": "Adventure, Drama, Romance",
    "runtime": 119,
    "language": "English, French, Swedish, Thai, Serbian",
    "poster": "https://m.media-amazon.com/images/M/MV5BNTljZTUzYWUtOTI4YS00NmZlLWE5MmQtZjFlZDZhNjg4MjQxXkEyXkFqcGdeQXVyNTc1NTQxODI@._V1_SX300.jpg",
    "description": "",
    "price": 0.02,
    "available": true,
    "rentals": 0
  },
  {
    "id": "648948702f8ef21c43edf1cc",
    "title": "Shutter Island",
    "year": "2010",
    "director": "Martin Scorsese",
    "genre": "Mystery, Thriller",
    "runtime": 138,
    "language": "English, German",
    "poster": "https://m.media-amazon.com/images/M/MV5BYzhiNDkyNzktNTZmYS00ZTBkLTk2MDAtM2U0YjU1MzgxZjgzXkEyXkFqcGdeQXVyMTMxODk2OTU@._V1_SX300.jpg",
    "description": "",
    "price": 0.02,
    "available": true,
    "rentals": 0
  },
  {
    "id": "648a20042f8ef21c43edf1d3",
    "title": "Leo",
    "year": "2002",
    "director": "Mehdi Norowzian",
    "genre": "Drama",
    "runtime": 104,
    "language": "English",
    "poster": "https://m.media-amazon.com/images/M/MV5BODhmZGRkZWMtOTQ2NS00NmU1LTg2MjktY2FjNTY5MDBiZWQyXkEyXkFqcGdeQXVyMTY5Nzc4MDY@._V1_SX300.jpg",
    "description": "",
    "price": 0.02,
    "available": true,
    "rentals": 0
  },
  {
    "id": "648c2ac02f8ef21c43edf1e6",
    "title": "Spider-Man: Across the Spider-Verse",
    "year": "2023",
    "director": "Joaquim Dos Santos, Kemp Powers, Justin K. Thompson",
    "genre": "Animation, Action, Adventure",
    "runtime": 140,
    "language": "English",
    "poster": "https://m.media-amazon.com/images/M/MV5BNzQ1ODUzYjktMzRiMS00ODNiLWI4NzQtOTRiN2VlNTNmODFjXkEyXkFqcGdeQXVyMTkxNjUyNQ@@._V1_SX300.jpg",
    "description": "",
    "price": 0.02,
    "available": true,
    "rentals": 0
  },
  {
    "id": "648c48432f8ef21c43edf1e7",
    "title": "John Wick: Chapter 4",
    "year": "2023",
    "director": "Chad Stahelski",
    "genre": "Action, Crime, Thriller",
    "runtime": 169,
    "language": "English, Russian, Japanese, Spanish, German, Latin, French",
    "poster": "https://m.media-amazon.com/images/M/MV5BMDExZGMyOTMtMDgyYi00NGIwLWJhMTEtOTdkZGFjNmZiMTEwXkEyXkFqcGdeQXVyMjM4NTM5NDY@._V1_SX300.jpg",
    "description": "",
    "price": 0.02,
    "available": true,
    "rentals": 0
  },
  {
    "id": "648c491a2f8ef21c43edf1e8",
    "title": "The Super Mario Bros. Movie",
    "year": "2023",
    "director": "Aaron Horvath, Michael Jelenic, Pierre Leduc",
    "genre": "Animation, Adventure, Comedy",
    "runtime": 92,
    "language": "English",
    "poster": "https://m.media-amazon.com/images/M/MV5BOTJhNzlmNzctNTU5Yy00N2YwLThhMjQtZDM0YjEzN2Y0ZjNhXkEyXkFqcGdeQXVyMTEwMTQ4MzU5._V1_SX300.jpg",
    "description": "",
    "price": 0.02,
    "available": true,
    "rentals": 0
  },
  {
    "id": "648c6c962f8ef21c43edf1e9",
    "title": "Free Guy",
    "year": "2021",
    "director": "Shawn Levy",
    "genre": "Action, Adventure, Comedy",
    "runtime": 115,
    "language": "English, Japanese, German",
    "poster": "https://m.media-amazon.com/images/M/MV5BOTY2NzFjODctOWUzMC00MGZhLTlhNjMtM2Y2ODBiNGY1ZWRiXkEyXkFqcGdeQXVyMDM2NDM2MQ@@._V1_SX300.jpg",
    "description": "",
    "price": 0.02,
    "available": true,
    "rentals": 0
  },
  {
    "id": "648c894b2f8ef21c43edf1ea",
    "title": "The Unborn",
    "year": "2009",
    "director": "David S. Goyer",
    "genre": "Horror, Mystery, Thriller",
    "runtime": 88,
    "language": "English, Hebrew",
    "poster": "https://m.media-amazon.com/images/M/MV5BOTM5NDY1MTk2Nl5BMl5BanBnXkFtZTcwNTMyNjkxMg@@._V1_SX300.jpg",
    "description": "",
    "price": 0.02,
    "available": true,
    "rentals": 0
  },
  {
    "id": "648c94e82f8ef21c43edf1eb",
    "title": "Earth Defense Widow",
    "year": "2014",
    "director": "Minoru Kawasaki",
    "genre": "Comedy, Sci-Fi",
    "runtime": 84,
    "language": "Japanese",
    "poster": "https://m.media-amazon.com/images/M/MV5BMGE3MDIwODctYWExNy00MDQ2LWI5MDYtZTI5Mzk2YzRlYmExXkEyXkFqcGdeQXVyMjExMzEyNTM@._V1_SX300.jpg",
    "description": "",
    "price": 0.02,
    "available": true,
    "rentals": 0
  },
  {
    "id": "648c9dca2f8ef21c43edf1ed",
    "title": "Transformers: Rise of the Beasts",
    "year": "2023",
    "director": "Steven Caple Jr.",
    "genre": "Action, Adventure, Sci-Fi",
    "runtime": 117,
    "language": "English",
    "poster": "https://m.media-amazon.com/images/M/MV5BZTNiNDA4NmMtNTExNi00YmViLWJkMDAtMDAxNmRjY2I2NDVjXkEyXkFqcGdeQXVyMDM2NDM2MQ@@._V1_SX300.jpg",
    "description": "",
    "price": 0.02,
    "available": true,
    "rentals": 0
  },
  {
    "id": "648c9e0a2f8ef21c43edf1ee",
    "title": "Bumblebee",
    "year": "2018",
    "director": "Travis Knight",
    "genre": "Action, Adventure, Sci-Fi",
    "runtime": 114,
    "language": "English",
    "poster": "https://m.media-amazon.com/images/M/MV5BMjUwNjU5NDMyNF5BMl5BanBnXkFtZTgwNzgxNjM2NzM@._V1_SX300.jpg",
    "description": "",
    "price": 0.02,
    "available": true,
    "rentals": 0
  },
  {
    "id": "648ca7992f8ef21c43edf1ef",
    "title": "Iron Man",
    "year": "2010",
    "director": "Jon Favreau",
    "genre": "Action, Adventure, Sci-Fi",
    "runtime": 126,
    "language": "English, Persian, Urdu, Arabic, Kurdish, Hindi, Hungarian",
    "poster": "https://m.media-amazon.com/images/M/MV5BMTczNTI2ODUwOF5BMl5BanBnXkFtZTcwMTU0NTIzMw@@._V1_SX300.jpg",
    "description": "",
    "price": 0.02,
    "available": true,
    "rentals": 0
  },
  {
    "id": "648e8bf72f8ef21c43edf1f2",
    "title": "Top Gun",
    "year": "1986",
    "director": "Tony Scott",
    "genre": "Action, Drama",
    "runtime": 120,
    "language": "English",
    "poster": "https://m.media-amazon.com/images/M/MV5BZjQxYTA3ODItNzgxMy00N2Y2LWJlZGMtMTRlM2JkZjI1ZDhhXkEyXkFqcGdeQXVyNDk3NzU2MTQ@._V1_SX300.jpg",
    "description": "",
    "price": 0.02,
    "available": true,
    "rentals": 0
  },
  {
    "id": "649462fa2f8ef21c43edf1f4",
    "title": "Iron Man",
    "year": "2008",
    "director": "Jon Favreau",
    "genre": "Action, Adventure, Sci-Fi",
    "runtime": 126,
    "language": "English, Persian, Urdu, Arabic, Kurdish, Hindi, Hungarian",
    "poster": "https://m.media-amazon.com/images/M/MV5BMTczNTI2ODUwOF5BMl5BanBnXkFtZTcwMTU0NTIzMw@@._V1_SX300.jpg",
    "description": "",
    "price": 0.02,
    "available": true,
    "rentals": 0
  },
  {
    "id": "649469e82f8ef21c43edf1f6",
    "title": "Sakura",
    "year": "2020",
    "director": "Hitoshi Yazaki",
    "genre": "Drama, Family",
    "runtime": 119,
    "language": "Japanese",
    "poster": "https://m.media-amazon.com/images/M/MV5BNWRhMWZkMzAtNGM1NS00N2U5LWFiNDAtNDBiMWZmYzAyMDQzXkEyXkFqcGdeQXVyNjE4OTY3NTg@._V1_SX300.jpg",
    "description": "",
    "price": 0.02,
    "available": true,
    "rentals": 0
  },
  {
    "id": "6620ce77d90bce01eccb4991",
    "title": "King Kong",
    "year": "2005",
    "director": "Peter Jackson",
    "genre": "Action, Adventure, Romance",
    "runtime": 187,
    "language": "English",
    "poster": "https://m.media-amazon.com/images/M/MV5BMjYxYmRlZWYtMzAwNC00MDA1LWJjNTItOTBjMzlhNGMzYzk3XkEyXkFqcGdeQXVyMTQxNzMzNDI@._V1_SX300.jpg",
    "description": "",
    "price": 0.02,
    "available": true,
    "rentals": 0
  },
  {
    "id": "662e2113d90bce01eccb4994",
    "title": "Star Wars: Episode III - Revenge of the Sith",
    "year": "2010",
    "director": "George Lucas",
    "genre": "Action, Adventure, Fantasy, Sci-Fi",
    "runtime": 140,
    "language": "English",
    "poster": "https://m.media-amazon.com/images/M/MV5BNTc4MTc3NTQ5OF5BMl5BanBnXkFtZTcwOTg0NjI4NA@@._V1_SX300.jpg",
    "description": "",
    "price": 0.02,
    "available": true,
    "rentals": 0
  },
  {
    "id": "66375ed213046733893811e5",
    "title": "Godzilla Minus One",
    "year": "2023",
    "director": "Takashi Yamazaki",
    "genre": "Action, Adventure, Drama",
    "runtime": 124,
    "language": "Japanese",
    "poster": "https://m.media-amazon.com/images/M/MV5BOTI5MjNjMTMtN2NiNC00YjBlLTgzMWQtMGRhZDZkYmY1NGU2XkEyXkFqcGdeQXVyNTgyNTA4MjM@._V1_SX300.jpg",
    "description": "",
    "price": 0.02,
    "available": true,
    "rentals": 0
  },
  {
    "id": "66405e7b13046733893811eb",
    "title": "GTO: Great Teacher Onizuka",
    "year": "1998",
    "director": "N/A",
    "genre": "Drama, Comedy, Action",
    "runtime": 60,
    "language": "Japanese",
    "poster": "https://m.media-amazon.com/images/M/MV5BYWQ2NDg0ZTgtODZmMS00YzRhLTlkNjktYWQ0OWEwNjNmZTcyXkEyXkFqcGdeQXVyMTUyNjc3NDQ4._V1_SX300.jpg",
    "description": "",
    "price": 0.02,
    "available": true,
    "rentals": 0
  },
  {
    "id": "6640ac3d13046733893811ed",
    "title": "Mobile Suit Gundam Seed Freedom",
    "year": "2024",
    "director": "Mitsuo Fukuda",
    "genre": "Animation, Action, Adventure",
    "runtime": 124,
    "language": "Japanese",
    "poster": "https://m.media-amazon.com/images/M/MV5BYWRjZmFiMTYtNTYzNy00YTkxLWE2NDctYmZhNmZjY2NjZjJkXkEyXkFqcGdeQXVyMTEzMTI1Mjk3._V1_SX300.jpg",
    "description": "",
    "price": 0.02,
    "available": true,
    "rentals": 0
  },
  {
    "id": "6640acda13046733893811ee",
    "title": "Twilight of the Warriors: Walled In",
    "year": "2024",
    "director": "Soi Cheang",
    "genre": "Action, Thriller",
    "runtime": 120,
    "language": "N/A",
    "poster": "https://m.media-amazon.com/images/M/MV5BMTBhNmYwOWMtOGY4My00ODUyLTg2OWItMWYxNTM3YWU2Y2FhXkEyXkFqcGdeQXVyNDM1Nzc0MTI@._V1_SX300.jpg",
    "description": "",
    "price": 0.02,
    "available": true,
    "rentals": 0
  },
  {
    "id": "664489c81304673389381703",
    "title": "Test",
    "year": "2013",
    "director": "Chris Mason Johnson",
    "genre": "Drama, History, Romance",
    "runtime": 89,
    "language": "English, Portuguese, French",
    "poster": "https://m.media-amazon.com/images/M/MV5BMTQwMDU5NDkxNF5BMl5BanBnXkFtZTcwMjk5OTk4OQ@@._V1_SX300.jpg",
    "description": "",
    "price": 0.02,
    "available": true,
    "rentals": 0
  },
  {
    "id": "6652e242130467338938178d",
    "title": "Stair",
    "year": "2019",
    "director": "Siamak Vahed",
    "genre": "Animation, Short",
    "runtime": 8,
    "language": "Persian",
    "poster": "https://m.media-amazon.com/images/M/MV5BNjM5YjQ1ZmUtZWE0MS00ZDY1LTgzODEtY2YzNjgxYjk4ZWZhXkEyXkFqcGdeQXVyNTM3NDMwMzI@._V1_SX300.jpg",
    "description": "",
    "price": 0.02,
    "available": true,
    "rentals": 0
  },
  {
    "id": "6654dcb613046733893817cd",
    "title": "WALL·E",
    "year": "2008",
    "director": "Andrew Stanton",
    "genre": "Animation, Adventure, Family",
    "runtime": 77,
    "language": "English, Russian, Ukrainian",
    "poster": "https://m.media-amazon.com/images/M/MV5BMjExMTg5OTU0NF5BMl5BanBnXkFtZTcwMjMxMzMzMw@@._V1_SX300.jpg",
    "description": "",
    "price": 0.02,
    "available": true,
    "rentals": 0
  },
  {
    "id": "6654dee713046733893817ce",
    "title": "Frances Ha",
    "year": "2012",
    "director": "Noah Baumbach",
    "genre": "Comedy, Drama, Romance",
    "runtime": 86,
    "language": "English, French",
    "poster": "https://m.media-amazon.com/images/M/MV5BOTY0NDQ2NzQ2N15BMl5BanBnXkFtZTcwMTU0OTkwOQ@@._V1_SX300.jpg",
    "description": "",
    "price": 0.02,
    "available": true,
    "rentals": 0
  },
  {
    "id": "6654e1f213046733893817cf",
    "title": "No Way Home",
    "year": "1996",
    "director": "Buddy Giovinazzo",
    "genre": "Crime, Drama, Thriller",
    "runtime": 99,
    "language": "English",
    "poster": "https://m.media-amazon.com/images/M/MV5BY2RjNjEzNmMtMjYyOS00OTU3LWI4NDMtMThhZTdmZWY1YmVlXkEyXkFqcGdeQXVyMTY5Nzc4MDY@._V1_SX300.jpg",
    "description": "",
    "price": 0.02,
    "available": true,
    "rentals": 0
  },
  {
    "id": "6657618513046733893817e7",
    "title": "Leo",
    "year": "2023",
    "director": "Lokesh Kanagaraj",
    "genre": "12312312312",
    "runtime": 165,
    "language": "Tamil",
    "poster": "https://m.media-amazon.com/images/M/MV5BMmFiOGYyZjQtZmZmNC00ZTgzLWI5ZjktMTRiYzc5NjAzODRkXkEyXkFqcGdeQXVyMTYyNDkzNzgz._V1_SX300.jpg",
    "description": "",
    "price": 0.02,
    "available": true,
    "rentals": 0
  },
  {
    "id": "6657679113046733893817e8",
    "title": "Her",
    "year": "2013",
    "director": "Spike Jonze",
    "genre": "Drama, Romance, Sci-Fi",
    "runtime": 126,
    "language": "English",
    "poster": "https://m.media-amazon.com/images/M/MV5BMjA1Nzk0OTM2OF5BMl5BanBnXkFtZTgwNjU2NjEwMDE@._V1_SX300.jpg",
    "description": "",
    "price": 0.02,
    "available": true,
    "rentals": 0
  },
  {
    "id": "665838a41304673389381803",
    "title": "Dune",
    "year": "2021",
    "director": "Denis Villeneuve",
    "genre": "Action, Adventure, Drama",
    "runtime": 155,
    "language": "English, Mandarin",
    "poster": "https://m.media-amazon.com/images/M/MV5BMDQ0NjgyN2YtNWViNS00YjA3LTkxNDktYzFkZTExZGMxZDkxXkEyXkFqcGdeQXVyODE5NzE3OTE@._V1_SX300.jpg",
    "description": "",
    "price": 0.02,
    "available": true,
    "rentals": 0
  },
  {
    "id": "665848e01304673389381804",
    "title": "Into the Unknown: Making Frozen 2",
    "year": "2020",
    "director": "N/A",
    "genre": "Documentary, Family",
    "runtime": 2,
    "language": "English",
    "poster": "https://m.media-amazon.com/images/M/MV5BYmQ5ZWE0ZWUtNzY0Zi00MmZhLWIzNTgtNDk1MTBiMDNmMmZjXkEyXkFqcGdeQXVyMTkxNjUyNQ@@._V1_SX300.jpg",
    "description": "",
    "price": 0.02,
    "available": true,
    "rentals": 0
  },
  {
    "id": "665886f0130467338938180a",
    "title": "Frozen",
    "year": "2013",
    "director": "Chris Buck, Jennifer Lee",
    "genre": "Animation, Adventure, Comedy",
    "runtime": 102,
    "language": "",
    "poster": "https://m.media-amazon.com/images/M/MV5BMTQ1MjQwMTE5OF5BMl5BanBnXkFtZTgwNjk3MTcyMDE@._V1_SX300.jpg",
    "description": "",
    "price": 0.02,
    "available": true,
    "rentals": 0
  },
  {
    "id": "66588c9f130467338938180e",
    "title": "Oppenheimer",
    "year": "2023",
    "director": "Christopher Nolan",
    "genre": "Biography, Drama, History",
    "runtime": 180,
    "language": "English, German, Italian",
    "poster": "https://m.media-amazon.com/images/M/MV5BMDBmYTZjNjUtN2M1MS00MTQ2LTk2ODgtNzc2M2QyZGE5NTVjXkEyXkFqcGdeQXVyNzAwMjU2MTY@._V1_SX300.jpg",
    "description": "",
    "price": 0.02,
    "available": true,
    "rentals": 0
  },
  {
    "id": "66595c491304673389381824",
    "title": "Bad Boys: Ride or Die",
    "year": "2024",
    "director": "Adil El Arbi, Bilall Fallah",
    "genre": "Action, Adventure, Comedy",
    "runtime": 110,
    "language": "English",
    "poster": "https://m.media-amazon.com/images/M/MV5BZmU0MmI2MmQtN2ZjZC00MjU4LWE3YTUtMWZhOWM3NDFjODg3XkEyXkFqcGdeQXVyMDM2NDM2MQ@@._V1_SX300.jpg",
    "description": "",
    "price": 0.02,
    "available": true,
    "rentals": 0
  },
  {
    "id": "665960641304673389381825",
    "title": "The Garfield Movie",
    "year": "2024",
    "director": "Mark Dindal",
    "genre": "Animation, Adventure, Comedy",
    "runtime": 101,
    "language": "English",
    "poster": "https://m.media-amazon.com/images/M/MV5BNGQ2MTc1MGUtNTIxZS00ZmIwLTkyYWUtMzViM2U5NmEyOWE2XkEyXkFqcGdeQXVyMDA4NzMyOA@@._V1_SX300.jpg",
    "description": "",
    "price": 0.02,
    "available": true,
    "rentals": 0
  },
  {
    "id": "665964ad1304673389381826",
    "title": "Kereta Berdarah",
    "year": "2024",
    "director": "Rizal Mantovani",
    "genre": "Horror, Thriller",
    "runtime": 107,
    "language": "Indonesian",
    "poster": "https://m.media-amazon.com/images/M/MV5BOGE5N2Y0YjMtN2JkYi00YmNmLTlhMjItOThhNzE0YzlkYzBjXkEyXkFqcGdeQXVyMTEzMTI1Mjk3._V1_SX300.jpg",
    "description": "",
    "price": 0.02,
    "available": true,
    "rentals": 0
  },
  {
    "id": "66596ec51304673389381827",
    "title": "Inside Out 2",
    "year": "2024",
    "director": "Kelsey Mann",
    "genre": "Animation, Adventure, Comedy",
    "runtime": 108,
    "language": "English",
    "poster": "https://m.media-amazon.com/images/M/MV5BYTc1MDQ3NjAtOWEzMi00YzE1LWI2OWUtNjQ0OWJkMzI3MDhmXkEyXkFqcGdeQXVyMDM2NDM2MQ@@._V1_SX300.jpg",
    "description": "",
    "price": 0.02,
    "available": true,
    "rentals": 0
  },
  {
    "id": "6659715a1304673389381829",
    "title": "A Hijacking",
    "year": "2012",
    "director": "Tobias Lindholm",
    "genre": "Drama, Thriller",
    "runtime": 105,
    "language": "Danish, English, Somali",
    "poster": "https://m.media-amazon.com/images/M/MV5BMTQ0NDI4Nzg1N15BMl5BanBnXkFtZTcwNjE2NjcyOQ@@._V1_SX300.jpg",
    "description": "",
    "price": 0.02,
    "available": true,
    "rentals": 0
  },
  {
    "id": "6663e4421304673389381871",
    "title": "Hero",
    "year": "1999",
    "director": "N",
    "genre": "Drama",
    "runtime": 99,
    "language": "English",
    "poster": "https://via.placeholder.com/300x450?text=No+Poster",
    "description": "",
    "price": 0.02,
    "available": true,
    "rentals": 0
  },
  {
    "id": "6663f4cb1304673389381872",
    "title": "Iron Man",
    "year": "2009",
    "director": "Jon Favreau",
    "genre": "Action, Adventure, Sci-Fi",
    "runtime": 126,
    "language": "English, Persian, Urdu, Arabic, Kurdish, Hindi, Hungarian",
    "poster": "https://m.media-amazon.com/images/M/MV5BMTczNTI2ODUwOF5BMl5BanBnXkFtZTcwMTU0NTIzMw@@._V1_SX300.jpg",
    "description": "",
    "price": 0.02,
    "available": true,
    "rentals": 0
  },
  {
    "id": "666c3c2c13046733893818a4",
    "title": "Aquaman",
    "year": "2018",
    "director": "James Wan",
    "genre": "Action, Adventure3, Fantasy",
    "runtime": 120,
    "language": "English, Russian, Maori, Italian",
    "poster": "https://m.media-amazon.com/images/M/MV5BOTk5ODg0OTU5M15BMl5BanBnXkFtZTgwMDQ3MDY3NjM@._V1_SX300.jpg",
    "description": "",
    "price": 0.02,
    "available": true,
    "rentals": 0
  },
  {
    "id": "666c3cb213046733893818a5",
    "title": "Music",
    "year": "2021",
    "director": "Sia4",
    "genre": "Drama, Musical4",
    "runtime": 120,
    "language": "English, Mandarin",
    "poster": "https://m.media-amazon.com/images/M/MV5BOTIwZjFmNmYtZTI3YS00MGFiLTllYjUtZGNlNWJiMmM2ZmY1XkEyXkFqcGdeQXVyMTkxNjUyNQ@@._V1_SX300.jpg",
    "description": "",
    "price": 0.02,
    "available": true,
    "rentals": 0
  },
  {
    "id": "666c720a13046733893818ab",
    "title": "Happy Birthday",
    "year": "2000",
    "director": "Cédric Kahn6",
    "genre": "Comedy, Drama, Family6",
    "runtime": 120,
    "language": "French6",
    "poster": "https://m.media-amazon.com/images/M/MV5BMTFjOWZmMTgtZTcwZC00ZTU5LTlmMGEtMTY4ZmZlOGNlODE2XkEyXkFqcGdeQXVyODIyOTEyMzY@._V1_SX300.jpg",
    "description": "",
    "price": 0.02,
    "available": true,
    "rentals": 0
  },
  {
    "id": "666c746e13046733893818ac",
    "title": "Cinderella",
    "year": "2015",
    "director": "Kenneth Branagh8",
    "genre": "Adventure, Drama, 8Family",
    "runtime": 120,
    "language": "English8",
    "poster": "https://m.media-amazon.com/images/M/MV5BMjMxODYyODEzN15BMl5BanBnXkFtZTgwMDk4OTU0MzE@._V1_SX300.jpg",
    "description": "",
    "price": 0.02,
    "available": true,
    "rentals": 0
  },
  {
    "id": "666c76d113046733893818b8",
    "title": "CODA",
    "year": "2021",
    "director": "Sian Heder8",
    "genre": "Comedy, Drama, Music8",
    "runtime": 120,
    "language": "American Sign , English",
    "poster": "https://m.media-amazon.com/images/M/MV5BYzkyNzNiMDItMGU1Yy00NmEyLWE4N2ItMjkzMDZmMmVhNDU4XkEyXkFqcGdeQXVyMTkxNjUyNQ@@._V1_SX300.jpg",
    "description": "",
    "price": 0.02,
    "available": true,
    "rentals": 0
  },
  {
    "id": "6815971430ddfc166e2adb93",
    "title": "Wednesday",
    "year": "2022–",
    "director": "N/A",
    "genre": "Comedy, Crime, Fantasy",
    "runtime": 0,
    "language": "English",
    "poster": "https://m.media-amazon.com/images/M/MV5BY2E1NDI5OWEtODJmYi00Nzg2LWI4MjUtODFiMTU2YWViOTU3XkEyXkFqcGc@._V1_SX300.jpg",
    "description": "",
    "price": 0.02,
    "available": true,
    "rentals": 0
  },
  {
    "id": "6815b13d78d7f76cc9d65da1",
    "title": "Testing Create Film",
    "year": "2028",
    "director": "Christopher",
    "genre": "Action, Crime, Drama",
    "runtime": 18800,
    "language": "Eng",
    "poster": "https://m.media-amazon.com/images/M/MV5BMTk4ODQzNDY3Ml5BMl5BanBnXkFtZTcwODA0NTM4Nw@@._V1_SX300.jpg",
    "description": "",
    "price": 0.02,
    "available": true,
    "rentals": 0
  },
  {
    "id": "6815b6e778d7f76cc9d65da3",
    "title": "The Last Dance",
    "year": "2024",
    "director": "Anselm Chan",
    "genre": "Drama",
    "runtime": 126,
    "language": "Cantonese",
    "poster": "https://m.media-amazon.com/images/M/MV5BNTI2YzA2MzItOWE1NS00YjJmLTg2MWUtZDJlY2ExYmQ1ODFkXkEyXkFqcGc@._V1_SX300.jpg",
    "description": "",
    "price": 0.02,
    "available": true,
    "rentals": 0
  },
  {
    "id": "6815b735f913c26f2585940f",
    "title": "The Goldfinger",
    "year": "2023",
    "director": "Felix Chong",
    "genre": "Action, Crime, Drama",
    "runtime": 126,
    "language": "Mandarin, Cantonese",
    "poster": "https://m.media-amazon.com/images/M/MV5BMmIyOTc2NDYtZDY5OS00OTNhLTk5ZjQtYTkxNDMyMjhjYzYzXkEyXkFqcGc@._V1_SX300.jpg",
    "description": "",
    "price": 0.02,
    "available": true,
    "rentals": 0
  },
  {
    "id": "6815bbd8f913c26f25859468",
    "title": "While My Girlfriend Was Away on Vacation, I Was Fucking Her Childhood Friend from Morning Until Night A 48-Hour Video Record of My Infidelity Yua Mikami",
    "year": "2019",
    "director": "N/A",
    "genre": "Romance",
    "runtime": 212,
    "language": "Japanese",
    "poster": "https://m.media-amazon.com/images/M/MV5BNDY4ZDM1NDgtODc1My00ZTFkLWEzODctN2Q3MGUyZGMzNzRhXkEyXkFqcGc@._V1_SX300.jpg",
    "description": "",
    "price": 0.02,
    "available": true,
    "rentals": 0
  }
]