[
  {
    "id": "60dd2dab8bd3549e372416ce-1746542046263",
    "filmId": "60dd2dab8bd3549e372416ce",
    "title": "The Divergent Series: Insurgent",
    "poster": "https://m.media-amazon.com/images/M/MV5BMTgxOTYxMTg3OF5BMl5BanBnXkFtZTgwMDgyMzA2NDE@._V1_SX300.jpg",
    "rentedAt": "2025-05-06T14:34:06.263Z",
    "expiresAt": "2025-05-04T16:00:00.000Z",
    "status": "active",
    "price": "0.02"
  },
  {
    "id": "60bd923db1b0d030af499dfc-1746542213647",
    "filmId": "60bd923db1b0d030af499dfc",
    "title": "Star Wars: Episode III - Revenge of the Sith",
    "poster": "https://m.media-amazon.com/images/M/MV5BNTc4MTc3NTQ5OF5BMl5BanBnXkFtZTcwOTg0NjI4NA@@._V1_SX300.jpg",
    "rentedAt": "2025-05-06T14:36:53.647Z",
    "expiresAt": "2025-05-04T16:00:00.000Z",
    "status": "active",
    "price": "0.02"
  },
  {
    "id": "60dd2dab8bd3549e372416ce-1746542810799",
    "filmId": "60dd2dab8bd3549e372416ce",
    "title": "The Divergent Series: Insurgent",
    "poster": "https://m.media-amazon.com/images/M/MV5BMTgxOTYxMTg3OF5BMl5BanBnXkFtZTgwMDgyMzA2NDE@._V1_SX300.jpg",
    "rentedAt": "2025-05-06T14:46:50.799Z",
    "expiresAt": "2025-05-04T16:00:00.000Z",
    "status": "active",
    "price": "0.02"
  },
  {
    "id": "60dd2dab8bd3549e372416ce-1746543595417",
    "filmId": "60dd2dab8bd3549e372416ce",
    "title": "The Divergent Series: Insurgent",
    "poster": "https://m.media-amazon.com/images/M/MV5BMTgxOTYxMTg3OF5BMl5BanBnXkFtZTgwMDgyMzA2NDE@._V1_SX300.jpg",
    "rentedAt": "2025-05-06T14:59:55.417Z",
    "expiresAt": "2025-05-04T16:00:00.000Z",
    "status": "active",
    "price": "0.02"
  },
  {
    "id": "test-1746546507624",
    "filmId": "test-film-id",
    "title": "Test Film",
    "poster": "https://via.placeholder.com/300x450?text=Test+Film",
    "rentedAt": "2025-05-06T15:48:27.624Z",
    "expiresAt": "2025-05-04T16:00:00.000Z",
    "status": "active",
    "price": "0.01"
  },
  {
    "id": "test-1746546517785",
    "filmId": "test-film-id",
    "title": "Test Film",
    "poster": "https://via.placeholder.com/300x450?text=Test+Film",
    "rentedAt": "2025-05-06T15:48:37.785Z",
    "expiresAt": "2025-05-04T16:00:00.000Z",
    "status": "active",
    "price": "0.01"
  },
  {
    "id": "test-1746546518646",
    "filmId": "test-film-id",
    "title": "Test Film",
    "poster": "https://via.placeholder.com/300x450?text=Test+Film",
    "rentedAt": "2025-05-06T15:48:38.646Z",
    "expiresAt": "2025-05-04T16:00:00.000Z",
    "status": "active",
    "price": "0.01"
  },
  {
    "id": "60dd2dab8bd3549e372416ce-1746546539373",
    "filmId": "60dd2dab8bd3549e372416ce",
    "title": "The Divergent Series: Insurgent",
    "poster": "https://m.media-amazon.com/images/M/MV5BMTgxOTYxMTg3OF5BMl5BanBnXkFtZTgwMDgyMzA2NDE@._V1_SX300.jpg",
    "rentedAt": "2025-05-06T15:48:59.373Z",
    "expiresAt": "2025-05-04T16:00:00.000Z",
    "status": "active",
    "price": "0.02"
  },
  {
    "id": "60dd2dab8bd3549e372416ce-1746546850146",
    "filmId": "60dd2dab8bd3549e372416ce",
    "title": "The Divergent Series: Insurgent",
    "poster": "https://m.media-amazon.com/images/M/MV5BMTgxOTYxMTg3OF5BMl5BanBnXkFtZTgwMDgyMzA2NDE@._V1_SX300.jpg",
    "rentedAt": "2025-05-06T15:54:10.146Z",
    "expiresAt": "2025-05-04T16:00:00.000Z",
    "status": "active",
    "price": "0.02"
  },
  {
    "id": "60d9c2088bd3549e372416c6-1746546863072",
    "filmId": "60d9c2088bd3549e372416c6",
    "title": "The Maze Runner",
    "poster": "https://m.media-amazon.com/images/M/MV5BMjUyNTA3MTAyM15BMl5BanBnXkFtZTgwOTEyMTkyMjE@._V1_SX300.jpg",
    "rentedAt": "2025-05-06T15:54:23.072Z",
    "expiresAt": "2025-05-04T16:00:00.000Z",
    "status": "active",
    "price": "0.02"
  },
  {
    "id": "6815bbd8f913c26f25859468-1746546876599",
    "filmId": "6815bbd8f913c26f25859468",
    "title": "While My Girlfriend Was Away on Vacation, I Was Fucking Her Childhood Friend from Morning Until Night A 48-Hour Video Record of My Infidelity Yua Mikami",
    "poster": "https://m.media-amazon.com/images/M/MV5BNDY4ZDM1NDgtODc1My00ZTFkLWEzODctN2Q3MGUyZGMzNzRhXkEyXkFqcGc@._V1_SX300.jpg",
    "rentedAt": "2025-05-06T15:54:36.599Z",
    "expiresAt": "2025-05-04T16:00:00.000Z",
    "status": "active",
    "price": "0.02"
  },
  {
    "id": "60bd923db1b0d030af499dfc-1746547207625",
    "filmId": "60bd923db1b0d030af499dfc",
    "title": "Star Wars: Episode III - Revenge of the Sith",
    "poster": "https://m.media-amazon.com/images/M/MV5BNTc4MTc3NTQ5OF5BMl5BanBnXkFtZTcwOTg0NjI4NA@@._V1_SX300.jpg",
    "rentedAt": "2025-05-06T16:00:07.625Z",
    "expiresAt": "2025-05-13T16:00:07.625Z",
    "status": "active",
    "price": "0.02"
  },
  {
    "id": "6815b6e778d7f76cc9d65da3-1746547228906",
    "filmId": "6815b6e778d7f76cc9d65da3",
    "title": "The Last Dance",
    "poster": "https://m.media-amazon.com/images/M/MV5BNTI2YzA2MzItOWE1NS00YjJmLTg2MWUtZDJlY2ExYmQ1ODFkXkEyXkFqcGc@._V1_SX300.jpg",
    "rentedAt": "2025-05-06T16:00:28.906Z",
    "expiresAt": "2025-05-13T16:00:28.906Z",
    "status": "active",
    "price": "0.02"
  },
  {
    "id": "625aeed6fefee031204ec585-1746550996137",
    "filmId": "625aeed6fefee031204ec585",
    "title": "Uncharted",
    "poster": "https://m.media-amazon.com/images/M/MV5BMWEwNjhkYzYtNjgzYy00YTY2LThjYWYtYzViMGJkZTI4Y2MyXkEyXkFqcGdeQXVyNTM0OTY1OQ@@._V1_SX300.jpg",
    "rentedAt": "2025-05-06T17:03:16.137Z",
    "expiresAt": "2025-05-13T17:03:16.137Z",
    "status": "active",
    "price": "0.02"
  },
  {
    "id": "60f446e181d4502964d8873f-1746551011448",
    "filmId": "60f446e181d4502964d8873f",
    "title": "Music",
    "poster": "https://m.media-amazon.com/images/M/MV5BOTIwZjFmNmYtZTI3YS00MGFiLTllYjUtZGNlNWJiMmM2ZmY1XkEyXkFqcGdeQXVyMTkxNjUyNQ@@._V1_SX300.jpg",
    "rentedAt": "2025-05-06T17:03:31.448Z",
    "expiresAt": "2025-05-13T17:03:31.448Z",
    "status": "active",
    "price": "0.02"
  }
]